Contraste,País,Diferencia media (DE),t(39),dz,p-val (Bonferroni),p-val (Wilcoxon)
B2: mujeres,Kenia,-21.41 (1.63),-83.2,-13.16,< 0.001,< 0.001
B2: mujeres,Nigeria,-13.70 (0.94),-91.9,-14.54,< 0.001,< 0.001
B2: mujeres,India,-24.63 (1.61),-96.5,-15.26,< 0.001,< 0.001
B2: mujeres,Bangladés,-5.07 (0.54),-59.4,-9.39,< 0.001,< 0.001
B2: brecha,Kenia,+24.96 (1.82),87.0,13.75,< 0.001,< 0.001
B2: brecha,Nigeria,+39.40 (1.84),135.7,21.45,< 0.001,< 0.001
B2: brecha,India,+23.85 (2.47),61.1,9.66,< 0.001,< 0.001
B2: brecha,Bangladés,+29.30 (2.54),73.1,11.55,< 0.001,< 0.001
D: total,Kenia,-29.31 (2.44),-75.9,-12.00,< 0.001,< 0.001
D: total,Nigeria,-40.26 (3.04),-83.7,-13.24,< 0.001,< 0.001
D: total,India,-35.53 (2.38),-94.3,-14.91,< 0.001,< 0.001
D: total,Bangladés,-26.08 (2.02),-81.8,-12.93,< 0.001,< 0.001
D: brecha,Kenia,-6.10 (1.94),-19.9,-3.15,< 0.001,< 0.001
D: brecha,Nigeria,-2.63 (2.01),-8.3,-1.31,< 0.001,< 0.001
D: brecha,India,-3.42 (1.57),-13.8,-2.18,< 0.001,< 0.001
D: brecha,Bangladés,-15.23 (2.60),-37.0,-5.85,< 0.001,< 0.001
