Parámetro,Δ mujeres en B2: −20 % / +20 %,Elasticidad (B2),Δ total en D: −20 % / +20 %,Elasticidad (D)
Referencia,-16.22,—,-32.58,—
phi_0,-15.26 / -16.81,+0.24,-30.65 / -34.21,+0.27
phi_1,-16.25 / -15.88,-0.06,-32.58 / -32.15,-0.03
eta,-15.88 / -16.26,+0.06,-32.38 / -32.58,+0.02
mu_0,-16.52 / -15.09,-0.22,-33.39 / -31.85,-0.12
kappa,-16.52 / -15.98,-0.08,-32.99 / -33.07,+0.01
gamma_0,-23.31 / -10.88,-1.92,-32.88 / -32.54,-0.03
Hcare mujeres,-23.88 / -10.44,-2.07,-33.28 / -33.16,-0.01
T_0,-16.21 / -16.12,-0.01,-32.21 / -33.01,+0.06
(1 − d),-15.99 / -16.11,+0.02,-33.37 / -32.43,-0.07
"CES, σ=0.5",-16.90,—,-35.16,—
"CES, σ=1.5",-16.12,—,-32.36,—
Choque de demanda −5 % (mes 60),-16.54,—,-32.21,—
